Year,Name,Sex,Accuracy,Samples,Topic,Country,Continent,Column1,Column2
,,,,,,,,,
2018,Wanderson,male,99,1916,Microbiology,Argentina,South America,,
2019,Pamela,female,98,26501,Microbiology,Argentina,South America,,
2019,Melisa,female,98,10404,Microbiology,Argentina,South America,,
2020,Guillermo,male,99,14216,Microbiology,Argentina,South America,,
2020,María,female,98,11821,Microbiology,Argentina,South America,,
2017,Verlaine,female,64,85,Microbiology,Australia,Oceania,,
2017,Taylor,female,55,14147,Microbiology,Australia,Oceania,,
2018,Katherine,female,99,15804,Microbiology,Australia,Oceania,,
2018,Sam,male,85,93540,Microbiology,Australia,Oceania,,
2018,Georgia,female,94,5580,Microbiology,Australia,Oceania,,
2018,Azadeh,female,98,1082,Microbiology,Australia,Oceania,,
2018,Marwa,female,96,7397,Microbiology,Australia,Oceania,,
2018,Phurpa,male,74,19,Microbiology,Australia,Oceania,,
2019,Mohammad,male,99,47588,Microbiology,Australia,Oceania,,
2019,Mitchell,male,97,4895,Microbiology,Australia,Oceania,,
2019,Andrew,male,99,82448,Microbiology,Australia,Oceania,,
2019,Benjamin,male,99,50718,Microbiology,Australia,Oceania,,
2019,Jean,male,89,84089,Microbiology,Australia,Oceania,,
2019,Paul,male,99,140849,Microbiology,Australia,Oceania,,
2019,Jessica,female,98,115595,Microbiology,Australia,Oceania,,
2019,Carola,female,98,4317,Microbiology,Australia,Oceania,,
2019,Benjamin,male,99,50718,Microbiology,Australia,Oceania,,
2019,Eike,male,87,519,Microbiology,Australia,Oceania,,
2019,Ammar,male,98,7880,Microbiology,Australia,Oceania,,
2020,Ayda,female,95,828,Microbiology,Australia,Oceania,,
2020,Mahjabeen,female,100,46,Microbiology,Australia,Oceania,,
2020,Stephan,male,99,19941,Microbiology,Australia,Oceania,,
2020,Yi,male,61,1397,Microbiology,Australia,Oceania,,
2020,Ashleigh,female,96,2774,Microbiology,Australia,Oceania,,
2020,D.,male,73,1059,Microbiology,Australia,Oceania,,
2020,Christopher,male,99,55041,Microbiology,Australia,Oceania,,
2020,Brian,male,99,69588,Microbiology,Australia,Oceania,,
2020,John,male,99,219085,Microbiology,Australia,Oceania,,
2020,Roshali,female,75,4,Microbiology,Australia,Oceania,,
2020,Di,male,54,3384,Microbiology,Australia,Oceania,,
2020,Li-Jin,male,60,8904,Microbiology,Australia ,Oceania,,
2019,Simon,male,98,57458,Microbiology,Austria,Europe,,
2020,Sabrina,female,98,60955,Microbiology,Austria,Europe,,
2020,Moutoshi,female,75,4,Microbiology,Bangladesh,Asia,,
2017,Marta,female,98,84333,Microbiology,Belgium,Europe,,
2017,Elvis,male,98,12866,Microbiology,Belgium,Europe,,
2018,Kamela,female,91,70,Microbiology,Belgium,Europe,,
2019,Peter,male,99,146529,Microbiology,Belgium,Europe,,
2019,Kristof,male,98,2213,Microbiology,Belgium,Europe,,
2019,Peter,male,99,146529,Microbiology,Belgium,Europe,,
2019,Loïc,male,99,3211,Microbiology,Belgium,Europe,,
2020,Bert,male,98,7084,Microbiology,Belgium,Europe,,
2020,François,male,99,16142,Microbiology,Belgium,Europe,,
2020,Jérôme,male,99,5714,Microbiology,Belgium,Europe,,
2017,Priscila,female,98,9591,Microbiology,Brazil,South America,,
2018,Ancelmo,male,97,69,Microbiology,Brazil,South America,,
2018,Rosângela,female,98,542,Microbiology,Brazil,South America,,
2018,Fernando,male,99,77505,Microbiology,Brazil,South America,,
2018,Gabriela,female,98,35737,Microbiology,Brazil,South America,,
2018,Patrick,male,99,118290,Microbiology,Brazil,South America,,
2018,Daniel,male,99,257742,Microbiology,Brazil,South America,,
2018,Hugo,male,99,35618,Microbiology,Brazil,South America,,
2018,Ana,female,97,141747,Microbiology,Brazil,South America,,
2019,Antonio,male,99,180825,Microbiology,Brazil,South America,,
2019,Lucas,male,99,50557,Microbiology,Brazil,South America,,
2019,William,male,99,67797,Microbiology,Brazil,South America,,
2019,Maira,female,99,5414,Microbiology,Brazil,South America,,
2020,Juliana,female,98,22243,Microbiology,Brazil,South America,,
2020,Glauber,male,99,587,Microbiology,Brazil,South America,,
2020,Lilian,female,90,19270,Microbiology,Brazil,South America,,
2020,Júlia,female,98,2533,Microbiology,Brazil,South America,,
2020,Daniel,male,99,257742,Microbiology,Brazil,South America,,
2020,Carlos,male,99,174998,Microbiology,Brazil,South America,,
2020,Larissa,female,99,21495,Microbiology,Brazil,South America,,
2018,Shawn,male,93,15227,Microbiology,Canada,North America,,
2018,Tarun,male,100,5912,Microbiology,Canada,North America,,
2018,Patricia,female,98,88761,Microbiology,Canada,North America,,
2018,David,male,99,381770,Microbiology,Canada,North America,,
2018,Sara,female,98,153041,Microbiology,Canada,North America,,
2018,Zhenlong,male,100,5,Microbiology,Canada,North America,,
2019,Florence,female,97,19716,Microbiology,Canada,North America,,
2019,Tam,male,60,3935,Microbiology,Canada,North America,,
2019,Steven,male,99,59951,Microbiology,Canada,North America,,
2019,Anaïs,female,95,2769,Microbiology,Canada,North America,,
2020,O.,male,77,177,Microbiology,Canada,North America,,
2020,Polina,female,97,2522,Microbiology,Canada,North America,,
2020,V.,male,67,354,Microbiology,Canada,North America,,
2020,Pashupati,male,98,63,Microbiology,Canada,North America,,
2020,Jacob,male,99,25605,Microbiology,Canada,North America,,
2020,Wen,female,56,1985,Microbiology,Canada,North America,,
2020,Michael,male,99,211741,Microbiology,Canada,North America,,
2020,Joel,male,99,40697,Microbiology,Canada,North America,,
2020,Daniel,male,99,257742,Microbiology,Canada (UBC Microbiology!!!!),North America,,
2018,Hailey,female,97,2112,Microbiology,Canada (UBC!!!),North America,,
2019,Hailey,female,97,2112,Microbiology,Canada (UBC!!!),North America,,
2020,Mehrbod,male,100,25,Microbiology,Canada (UBC!!!),North America,,
2017,Linlin,female,72,307,Microbiology,China,Asia (China),,
2018,Muhammad,male,99,59995,Microbiology,China,Asia (China),,
2018,Yuqin,female,67,21,Microbiology,China,Asia (China),,
2018,Ruoquing,female,100,777,Microbiology,China,Asia (China),,
2018,Zhiwei,male,90,119,Microbiology,China,Asia (China),,
2018,Yang,male,67,4256,Microbiology,China,Asia (China),,
2018,Yiyi,female,76,454,Microbiology,China,Asia (China),,
2018,Lingying,female,67,3,Microbiology,China,Asia (China),,
2018,Chang,male,72,2129,Microbiology,China,Asia (China),,
2018,Jing,female,75,2534,Microbiology,China,Asia (China),,
2018,Wei,male,73,4003,Microbiology,China,Asia (China),,
2018,Jianhao,male,100,15,Microbiology,China,Asia (China),,
2018,Yunting,female,84,19,Microbiology,China,Asia (China),,
2018,Pengcheng,male,100,35,Microbiology,China,Asia (China),,
2018,Susanna,female,99,8003,Microbiology,China,Asia (China),,
2018,Xiaohui,male,54,153,Microbiology,China,Asia (China),,
2018,Dan,male,97,61524,Microbiology,China,Asia (China),,
2018,Wenying,female,78,27,Microbiology,China,Asia (China),,
2018,Jing,female,75,2534,Microbiology,China,Asia (China),,
2018,Jinjin,female,53,135,Microbiology,China,Asia (China),,
2018,Yanfei,female,55,31,Microbiology,China,Asia (China),,
2018,Kaikai,male,69,83,Microbiology,China,Asia (China),,
2018,Lu,female,68,5209,Microbiology,China,Asia (China),,
2018,Xiaoran,female,52,27,Microbiology,China,Asia (China),,
2018,Bin,male,89,2162,Microbiology,China,Asia (China),,
2018,Yejun,male,99,71,Microbiology,China,Asia (China),,
2018,Zhang,male,61,2518,Microbiology,China,Asia (China),,
2018,Xianzhi,male,88,8,Microbiology,China,Asia (China),,
2018,Zhihao,male,98,63,Microbiology,China,Asia (China),,
2018,Ling,female,79,2215,Microbiology,China,Asia (China),,
2018,Lingna,female,100,4,Microbiology,China,Asia (China),,
2018,Jason,male,99,76567,Microbiology,China,Asia (China),,
2018,Zhihong,male,72,43,Microbiology,China,Asia (China),,
2018,Jiayi,female,76,161,Microbiology,China,Asia (China),,
2018,Yi,male,61,1397,Microbiology,China,Asia (China),,
2018,Jiyong,male,86,85,Microbiology,China,Asia (China),,
2019,Yufu,male,84,19,Microbiology,China,Asia (China),,
2019,Shang,male,67,225,Microbiology,China,Asia (China),,
2019,Congcong,female,63,19,Microbiology,China,Asia (China),,
2019,Li,female,53,4165,Microbiology,China,Asia (China),,
2019,Jianhui,male,90,30,Microbiology,China,Asia (China),,
2019,Tong-Wei,male,75,6150,Microbiology,China,Asia (China),,
2019,Dong,male,87,2212,Microbiology,China,Asia (China),,
2019,Ling,female,79,2215,Microbiology,China,Asia (China),,
2019,Simin,female,90,422,Microbiology,China,Asia (China),,
2019,Hongshi,male,56,9,Microbiology,China,Asia (China),,
2019,Zhiyu,male,77,44,Microbiology,China,Asia (China),,
2019,Zhizhou,male,100,4,Microbiology,China,Asia (China),,
2019,Junhua,male,78,23,Microbiology,China,Asia (China),,
2020,Hongan,male,67,3,Microbiology,China,Asia (China),,
2020,Kai-Yue,male,86,12271,Microbiology,China,Asia (China),,
2020,Shuxin,male,53,15,Microbiology,China,Asia (China),,
2020,Jinwen,male,60,10,Microbiology,China,Asia (China),,
2020,Ying,female,89,3288,Microbiology,China,Asia (China),,
2020,Peng,male,84,1353,Microbiology,China,Asia (China),,
2020,Jie,male,61,1651,Microbiology,China,Asia (China),,
2020,Geng,male,78,170,Microbiology,China,Asia (China),,
2020,Kai,male,96,28964,Microbiology,China,Asia (China),,
2020,Wenying,female,78,27,Microbiology,China,Asia (China),,
2020,Lihong,female,76,50,Microbiology,China,Asia (China),,
2020,Zhongyi,male,74,19,Microbiology,China,Asia (China),,
2020,Wenjing,female,88,96,Microbiology,China,Asia (China),,
2020,Jonathan,male,99,84386,Microbiology,China,Asia (China),,
2020,Tangcheng,male,75,4,Microbiology,China,Asia (China),,
2020,Xi,female,63,98,Microbiology,China,Asia (China),,
2020,Yiwen,female,69,134,Microbiology,China,Asia (China),,
2020,Jinkai,male,91,11,Microbiology,China,Asia (China),,
2020,Bo,male,85,5389,Microbiology,China,Asia (China),,
2020,Xumin,male,71,7,Microbiology,China,Asia (China),,
2020,Yinghui,female,90,30,Microbiology,China,Asia (China),,
2020,Hongjing,female,100,3,Microbiology,China,Asia (China),,
2020,Jiya,female,91,484,Microbiology,China,Asia (China),,
2020,Chenjian,male,100,3,Microbiology,China,Asia (China),,
2020,Yuan,male,58,1657,Microbiology,China,Asia (China),,
2018,Shu-Fen,female,100,4,Microbiology,China ,Asia (China),,
2020,Anika,female,99,8886,Microbiology,China ,Asia (China),,
2020,Alejandra,female,98,18508,Microbiology,Colombia,South America,,
2018,Tereza,female,99,13164,Microbiology,Czech Republic,Europe,,
2019,Michaela,female,92,31084,Microbiology,Czech Republic,Europe,,
2020,Indranil,male,100,589,Microbiology,Czech Republic,Europe,,
2017,Christian,male,100,48300,Microbiology,Denmark,Europe,,
2017,Alejandro,male,99,45618,Microbiology,Denmark,Europe,,
2018,Panagiotis,male,99,3514,Microbiology,Denmark,Europe,,
2018,Kristoffer,male,100,2865,Microbiology,Denmark,Europe,,
2019,Rebecca,female,99,35211,Microbiology,Denmark,Europe,,
2019,Lasse,male,99,2628,Microbiology,Denmark,Europe,,
2019,Truc,female,53,1156,Microbiology,Denmark,Europe,,
2020,Anders,male,99,9660,Microbiology,Denmark,Europe,,
2020,Rafael,male,99,52197,Microbiology,Denmark,Europe,,
2020,Caitlin,female,99,5889,Microbiology,Denmark,Europe,,
2020,Anna,female,98,184558,Microbiology,Denmark,Europe,,
2017,Ahmed,male,98,156410,Microbiology,Egypt,Africa,,
2018,Olesja,female,98,217,Microbiology,Estonia,Europe,,
2019,Arvi,male,88,161,Microbiology,Estonia,Europe,,
2019,Kristoffer,male,100,2865,Microbiology,Finland,Europe,,
2017,Jakub,male,99,23677,Microbiology,France,Europe,,
2018,Raphaël,male,99,2546,Microbiology,France,Europe,,
2018,Thi,male,53,1057,Microbiology,France,Europe,,
2018,Diego,male,99,67382,Microbiology,France,Europe,,
2018,Emilie,female,98,34722,Microbiology,France,Europe,,
2018,Cesar,male,99,24208,Microbiology,France,Europe,,
2018,Selma,female,97,10515,Microbiology,France,Europe,,
2018,Pritom,male,100,87,Microbiology,France,Europe,,
2018,Dea,female,90,2051,Microbiology,France,Europe,,
2018,Eva,female,98,79421,Microbiology,France,Europe,,
2018,Charles,male,98,52754,Microbiology,France,Europe,,
2018,Calum,male,99,945,Microbiology,France,Europe,,
2019,Cécile,female,98,8507,Microbiology,France,Europe,,
2019,Julie,female,98,72376,Microbiology,France,Europe,,
2019,Benoit,male,98,18384,Microbiology,France,Europe,,
2019,Camille,female,84,20218,Microbiology,France,Europe,,
2019,Matthieu,male,99,12012,Microbiology,France,Europe,,
2019,Isabelle,female,99,85994,Microbiology,France,Europe,,
2019,Alberto,male,99,73988,Microbiology,France,Europe,,
2019,Annabelle,female,100,24842,Microbiology,France,Europe,,
2019,Veronika,female,99,31200,Microbiology,France,Europe,,
2019,Jean-Claude,male,99,7170,Microbiology,France,Europe,,
2019,Armand,male,98,5680,Microbiology,France,Europe,,
2020,Magali,female,98,11350,Microbiology,France,Europe,,
2020,Christina,female,94,36391,Microbiology,France,Europe,,
2020,Charlotte,female,96,27559,Microbiology,France,Europe,,
2020,Sébastien,male,99,18623,Microbiology,France,Europe,,
2020,Xiaomei,female,97,69,Microbiology,France,Europe,,
2020,Asma,female,97,8881,Microbiology,France,Europe,,
2020,Zhongxiao,male,100,5,Microbiology,France,Europe,,
2020,C.,male,59,943,Microbiology,France,Europe,,
2020,Melanie,female,98,35986,Microbiology,France,Europe,,
2020,Virginia,female,98,14661,Microbiology,France,Europe,,
2020,Guillaume,male,99,37030,Microbiology,France,Europe,,
2020,Martial,male,98,4906,Microbiology,France,Europe,,
2020,Thomas,male,99,129177,Microbiology,France,Europe,,
2020,Jacques,male,98,25243,Microbiology,France,Europe,,
2020,Nicolas,male,99,79977,Microbiology,France,Europe,,
2020,Hamadou,male,96,515,Microbiology,France,Europe,,
2020,Yankel,male,92,24,Microbiology,France,Europe,,
2020,Matthew,male,100,51412,Microbiology,France,Europe,,
2020,Candice,female,98,5276,Microbiology,France,Europe,,
2020,Alejandro,male,99,45618,Microbiology,France,Europe,,
2020,Matteo,male,99,45472,Microbiology,France,Europe,,
2020,Alice,female,98,40209,Microbiology,France,Europe,,
2020,Camille,female,84,20218,Microbiology,France,Europe,,
2020,Catherine,female,98,41180,Microbiology,France,Europe,,
2020,Patricia,female,98,88761,Microbiology,France,Europe,,
2020,Hélène,female,98,7861,Microbiology,France,Europe,,
2020,Claire,female,98,32304,Microbiology,France,Europe,,
2020,Rania,female,98,6286,Microbiology,France,Europe,,
2020,Marion,female,95,26832,Microbiology,France,Europe,,
2020,Christophe,male,98,60690,Microbiology,France,Europe,,
2020,Olivier,male,99,50237,Microbiology,France,Europe,,
2017,Matthias,male,100,17148,Microbiology,Germany,Europe,,
2017,Micah,male,86,3249,Microbiology,Germany,Europe,,
2017,Sascha,male,97,13412,Microbiology,Germany,Europe,,
2018,Dirk,male,99,14847,Microbiology,Germany,Europe,,
2018,Prashant,male,100,14073,Microbiology,Germany,Europe,,
2018,Philipp,male,99,8496,Microbiology,Germany,Europe,,
2018,Matthias,male,100,3407,Microbiology,Germany,Europe,,
2018,Sebastian,male,99,47850,Microbiology,Germany,Europe,,
2018,Oliver,male,98,22853,Microbiology,Germany,Europe,,
2018,Shraddha,female,98,1651,Microbiology,Germany,Europe,,
2018,Zhi-Luo,male,69,824,Microbiology,Germany,Europe,,
2018,Marisa,female,98,15794,Microbiology,Germany,Europe,,
2018,Tamta,female,94,121,Microbiology,Germany,Europe,,
2019,Enas,female,87,675,Microbiology,Germany,Europe,,
2019,Peter,male,99,146529,Microbiology,Germany,Europe,,
2019,Thorsten,male,99,5261,Microbiology,Germany,Europe,,
2019,Serge,male,98,24551,Microbiology,Germany,Europe,,
2019,Thomas,male,99,129177,Microbiology,Germany,Europe,,
2019,Anders,male,99,9660,Microbiology,Germany,Europe,,
2019,Dimitar,male,99,1456,Microbiology,Germany,Europe,,
2019,Ingo,male,99,3608,Microbiology,Germany,Europe,,
2019,Sten,male,98,840,Microbiology,Germany,Europe,,
2019,Kati,female,98,9911,Microbiology,Germany,Europe,,
2019,Felix,male,98,24864,Microbiology,Germany,Europe,,
2019,Ariane,female,97,4594,Microbiology,Germany,Europe,,
2019,Ivonne,female,98,3222,Microbiology,Germany,Europe,,
2019,Silke,female,98,3959,Microbiology,Germany,Europe,,
2019,Elizabeth,female,99,44677,Microbiology,Germany,Europe,,
2019,Matthias,male,100,17148,Microbiology,Germany,Europe,,
2019,Petra,female,98,52588,Microbiology,Germany,Europe,,
2019,Gopinath,male,100,1035,Microbiology,Germany,Europe,,
2019,Richard,male,99,97659,Microbiology,Germany,Europe,,
2019,Julia,female,97,57688,Microbiology,Germany,Europe,,
2019,Nico,male,97,43301,Microbiology,Germany,Europe,,
2020,Martin,male,98,139211,Microbiology,Germany,Europe,,
2020,W.,male,80,260,Microbiology,Germany,Europe,,
2020,Martin,male,98,139211,Microbiology,Germany,Europe,,
2020,Caroline,female,98,47275,Microbiology,Germany,Europe,,
2020,Olivier,male,99,50237,Microbiology,Germany,Europe,,
2020,Christina,female,94,36391,Microbiology,Germany,Europe,,
2020,Inam,male,95,549,Microbiology,Germany,Europe,,
2020,Karina,female,98,22685,Microbiology,Germany,Europe,,
2020,Somak,male,100,56,Microbiology,Germany,Europe,,
2020,Nico,male,97,43301,Microbiology,Germany,Europe,,
2020,Kira,female,92,9531,Microbiology,Germany,Europe,,
2020,Ralph,male,99,8958,Microbiology,Germany,Europe,,
2020,Julia,female,97,57688,Microbiology,Germany,Europe,,
2020,Philipp,male,99,8496,Microbiology,Germany,Europe,,
2020,Jungho,male,98,118,Microbiology,Germany,Europe,,
2020,Lin,female,58,6456,Microbiology,Germany,Europe,,
2020,Niko,male,96,14107,Microbiology,Germany,Europe,,
2018,Kristina,female,98,18828,Microbiology,Germany ,Europe,,
2020,Erik,male,96,31753,Microbiology,Germany ,Europe,,
2018,Forson,male,81,31,Microbiology,Ghana,Africa,,
2019,James,male,99,131879,Microbiology,Ghana,Africa,,
2018,Chendi,unknown,50,14,Microbiology,Hong Kong,Asia,,
2018,Yulin,female,64,118,Microbiology,Hong Kong,Asia,,
2018,Zsuzsanna,female,99,4047,Microbiology,Hungary,Europe,,
2020,Fanni,female,95,719,Microbiology,Hungary,Europe,,
2020,Gábor,male,99,11799,Microbiology,Hungary,Europe,,
2017,Kirti,female,72,1543,Microbiology,India,Asia,,
2018,Naveen,male,99,13084,Microbiology,India,Asia,,
2018,Ananta,male,85,475,Microbiology,India,Asia,,
2018,Iniya,male,100,777,Microbiology,India,Asia,,
2018,Ashish,male,100,22300,Microbiology,India,Asia,,
2019,Suvadip,male,100,47,Microbiology,India,Asia,,
2019,Rashmi,female,95,3580,Microbiology,India,Asia,,
2019,Sandeep,male,99,24024,Microbiology,India,Asia,,
2019,Nabajyoti,male,100,106,Microbiology,India,Asia,,
2019,Priyanka,female,99,11412,Microbiology,India,Asia,,
2019,Pragyan,male,56,133,Microbiology,India,Asia,,
2019,Jees,male,90,63,Microbiology,India,Asia,,
2020,P.,male,71,747,Microbiology,India,Asia,,
2020,Hemraj,male,99,372,Microbiology,India,Asia,,
2020,Prasanth,male,100,2163,Microbiology,India,Asia,,
2020,Yeswanth,male,100,110,Microbiology,India,Asia,,
2020,Kathirvel,male,100,83,Microbiology,India,Asia,,
2020,Dilip,male,99,5230,Microbiology,India,Asia,,
2020,Madhusoodhanan,male,100,11,Microbiology,India,Asia,,
2020,K.,male,61,1007,Microbiology,India,Asia,,
2020,Feroza,female,94,100,Microbiology,India,Asia,,
2020,Manas,male,98,1999,Microbiology,India,Asia,,
2019,Farveh,female,100,3,Microbiology,Iran,Asia,,
2018,Hadas,female,93,148,Microbiology,Israel,Asia,,
2018,Nelly,female,92,13790,Microbiology,Israel,Asia,,
2018,Noa,female,78,2079,Microbiology,Israel,Asia,,
2018,Guy,male,98,20859,Microbiology,Israel,Asia,,
2018,Frederic,male,98,26835,Microbiology,Israel,Asia,,
2020,Nofar,female,98,50,Microbiology,Israel,Asia,,
2020,Ronnie,male,91,6985,Microbiology,Israel,Asia,,
2020,Nofar,female,98,50,Microbiology,Israel,Asia,,
2020,Gur,male,89,154,Microbiology,Israel,Asia,,
2020,Einat,female,98,89,Microbiology,Israel,Asia,,
2020,Yaara,female,93,43,Microbiology,Israel,Asia,,
2018,Giada,female,99,12842,Microbiology,Italy,Europe,,
2018,Gaia,female,97,4005,Microbiology,Italy,Europe,,
2019,Clara,female,97,22929,Microbiology,Italy,Europe,,
2019,Arash,male,99,6956,Microbiology,Italy,Europe,,
2020,Antonio,male,99,180825,Microbiology,Italy,Europe,,
2020,Sreejith,male,100,1689,Microbiology,Italy,Europe,,
2020,Aitor,male,99,6365,Microbiology,Italy,Europe,,
2017,Tetsuo,male,99,162,Microbiology,Japan,Asia,,
2018,Emi,female,73,5328,Microbiology,Japan,Asia,,
2018,Hirokazu,male,100,225,Microbiology,Japan,Asia,,
2018,Miho,female,88,583,Microbiology,Japan,Asia,,
2018,Kazuki,male,98,764,Microbiology,Japan,Asia,,
2018,Tomotaka,male,100,37,Microbiology,Japan,Asia,,
2018,Takashi,male,99,1807,Microbiology,Japan,Asia,,
2019,Megumi,female,95,561,Microbiology,Japan,Asia,,
2019,Hiraku,male,90,21,Microbiology,Japan,Asia,,
2019,Satoshi,male,99,1177,Microbiology,Japan,Asia,,
2019,Takahiro,male,99,917,Microbiology,Japan,Asia,,
2019,Aa,male,72,3753,Microbiology,Japan,Asia,,
2020,Ángela,female,98,757,Microbiology,Japan,Asia,,
2020,Hiroyuki,male,100,1050,Microbiology,Japan,Asia,,
2020,Sotaro,male,100,108,Microbiology,Japan,Asia,,
2020,Suresh,male,100,15885,Microbiology,Japan,Asia,,
2020,Yoshiyuki,male,99,278,Microbiology,Japan,Asia,,
2020,Kazuhide,male,100,34,Microbiology,Japan,Asia,,
2020,T.,male,69,788,Microbiology,Japan,Asia,,
2020,Yoriyuki,male,75,4,Microbiology,Japan ,Asia,,
2020,Sein,male,67,217,Microbiology,Korea,Asia,,
2019,Han,male,72,4580,Microbiology,Malaysia,Asia,,
2018,Zeti,female,60,20,Microbiology,Malaysia ,Asia,,
2018,Alberto,male,99,73988,Microbiology,Mexico,North America,,
2019,Gerardo,male,99,12521,Microbiology,Mexico,North America,,
2018,Wei,male,73,4003,Microbiology,Netherlands,Europe,,
2018,Tim,male,99,52554,Microbiology,Netherlands,Europe,,
2018,Karina,female,98,22685,Microbiology,Netherlands,Europe,,
2019,Georg,male,99,4616,Microbiology,Netherlands,Europe,,
2019,Eric,male,99,121922,Microbiology,Netherlands,Europe,,
2019,Bastian,male,99,2753,Microbiology,Netherlands,Europe,,
2019,Ilse,female,99,2960,Microbiology,Netherlands,Europe,,
2019,Maarten,male,99,3184,Microbiology,Netherlands,Europe,,
2019,Peng,male,84,1353,Microbiology,Netherlands,Europe,,
2019,Karina,female,98,22685,Microbiology,Netherlands,Europe,,
2020,Shirley,female,98,12566,Microbiology,Netherlands,Europe,,
2020,Axel,male,98,15264,Microbiology,Netherlands,Europe,,
2020,Lianna,female,99,300,Microbiology,Netherlands,Europe,,
2020,Alexander,male,99,56237,Microbiology,Netherlands,Europe,,
2020,Heike,female,98,4809,Microbiology,Netherlands,Europe,,
2020,Aravindan,male,99,178,Microbiology,Netherlands,Europe,,
2020,Timo,male,99,8332,Microbiology,Netherlands,Europe,,
2020,Rogier,male,99,539,Microbiology,Netherlands,Europe,,
2020,Nadia,female,98,44698,Microbiology,Netherlands,Europe,,
2020,Philip,male,99,21773,Microbiology,Netherlands,Europe,,
2020,Clarisse,female,98,4067,Microbiology,Netherlands,Europe,,
2017,Carl,male,98,18194,Microbiology,New Zealand,Oceania,,
2018,Jully,female,92,670,Microbiology,New Zealand,Oceania,,
2020,Jemma,female,98,1212,Microbiology,New Zealand,Oceania,,
2018,Olayinka,male,78,1792,Microbiology,Nigeria,Africa,,
2020,Babatunde,male,97,2440,Microbiology,Nigeria,Africa,,
2018,Azia,female,77,128,Microbiology,Norway,Europe,,
2018,Thomas,male,99,129177,Microbiology,Norway,Europe,,
2018,Gro,female,62,224,Microbiology,Norway,Europe,,
2020,Yanxian,female,100,5,Microbiology,Norway,Europe,,
2020,Aleksandr,male,100,5850,Microbiology,Norway,Europe,,
2018,Zuhair,male,99,563,Microbiology,Pakistan,Asia,,
2020,Aneeba,female,71,7,Microbiology,Pakistan,Asia,,
2020,Jawad,male,97,8726,Microbiology,Pakistan,Asia,,
2020,Munira,female,96,434,Microbiology,Pakistan,Asia,,
2020,Michelle,female,97,66957,Microbiology,Papua New Guinea,Oceania,,
2019,Marlene,female,98,11755,Microbiology,Peru,South America,,
2019,Renzo,male,99,3933,Microbiology,Peru,South America,,
2019,Rener,male,95,75,Microbiology,Phillipines,Asia,,
2018,Neuza,female,98,1001,Microbiology,Portugal,Europe,,
2018,David,male,99,381770,Microbiology,Portugal,Europe,,
2019,Ana,female,97,141747,Microbiology,Portugal,Europe,,
2020,F.,male,77,512,Microbiology,Portugal,Europe,,
2020,Alexandra,female,98,53680,Microbiology,Romania,Europe,,
2017,Sergey,male,100,16316,Microbiology,Russia,Europe,,
2018,Abdallah,male,98,6558,Microbiology,Saudi Arabia,Asia,,
2020,Islam,male,100,90,Microbiology,Saudi Arabia,Asia,,
2020,Neda,female,97,2332,Microbiology,Serbia,Europe,,
2017,Brenda,female,98,22551,Microbiology,Singapore,Asia,,
2018,Ezequiel,male,100,6449,Microbiology,Singapore,Asia,,
2020,Nicole,female,98,65299,Microbiology,Singapore,Asia,,
2020,Irina,female,98,21136,Microbiology,Singapore,Asia,,
2018,Teddy,male,94,10228,Microbiology,South Africa,Africa,,
2018,Elzaan,female,97,33,Microbiology,South Africa,Africa,,
2019,Veronique,female,98,15404,Microbiology,South Africa,Africa,,
2019,Ishmael,male,99,946,Microbiology,South Africa,Africa,,
2020,Chinenyenwa,female,100,8,Microbiology,South Africa,Africa,,
2020,Taariq,male,98,96,Microbiology,South Africa,Africa,,
2020,Robert,male,99,145540,Microbiology,South Africa,Africa,,
2017,Francisco,male,99,62346,Microbiology,South America,South America,,
2018,Tuan,male,98,4977,Microbiology,South Korea,Asia,,
2018,Sang,male,88,2448,Microbiology,South Korea,Asia,,
2018,Yesol,female,91,23,Microbiology,South Korea,Asia,,
2020,Hyung,male,93,145,Microbiology,South Korea,Asia,,
2020,Meehyun,unknown,50,2,Microbiology,South Korea,Asia,,
2017,Concha,female,98,757,Microbiology,Spain,Europe,,
2017,Jose,male,97,148383,Microbiology,Spain,Europe,,
2018,Sara,female,98,153041,Microbiology,Spain,Europe,,
2018,Jaime,male,90,24921,Microbiology,Spain,Europe,,
2018,Mirian,female,98,4286,Microbiology,Spain,Europe,,
2018,Laila,female,99,41018,Microbiology,Spain,Europe,,
2018,Manuel,male,99,96874,Microbiology,Spain,Europe,,
2018,Martí,male,94,280,Microbiology,Spain,Europe,,
2018,Adrià,male,99,488,Microbiology,Spain,Europe,,
2019,Silvia,female,98,61342,Microbiology,Spain,Europe,,
2019,Antonio,male,99,180825,Microbiology,Spain,Europe,,
2019,Belén,female,98,1930,Microbiology,Spain,Europe,,
2019,Pablo,male,99,51159,Microbiology,Spain,Europe,,
2019,Jesús,male,99,7086,Microbiology,Spain,Europe,,
2019,Fátima,female,99,3219,Microbiology,Spain,Europe,,
2020,J.,male,82,2236,Microbiology,Spain,Europe,,
2020,Ester,female,98,7612,Microbiology,Spain,Europe,,
2020,Ana,female,97,141747,Microbiology,Spain,Europe,,
2020,Juan,male,98,106011,Microbiology,Spain,Europe,,
2019,Maduri,female,52,21,Microbiology,Sri Lanka,Asia,,
2018,Klas,male,97,522,Microbiology,Sweden,Europe,,
2019,Pikkei,female,75,4,Microbiology,Sweden,Europe,,
2019,Ievgeniia,female,97,32,Microbiology,Sweden,Europe,,
2019,Mahwash,female,95,22,Microbiology,Sweden,Europe,,
2020,Maliheh,female,98,81,Microbiology,Sweden,Europe,,
2020,Anastasiia,female,99,346,Microbiology,Sweden,Europe,,
2020,Ewert,male,87,30,Microbiology,Sweden,Europe,,
2020,Teresa,female,98,35574,Microbiology,Sweden,Europe,,
2020,Henrik,male,99,7063,Microbiology,Sweden,Europe,,
2020,Sofia,female,98,35763,Microbiology,Sweden,Europe,,
2020,John,male,99,219085,Microbiology,Sweden ,Europe,,
2018,Ana,female,97,141747,Microbiology,Switzerland,Europe,,
2018,Elena,female,98,74807,Microbiology,Switzerland,Europe,,
2018,Karthik,male,100,9118,Microbiology,Switzerland,Europe,,
2019,Alain,male,98,53597,Microbiology,Switzerland,Europe,,
2019,Guangyi,male,95,20,Microbiology,Switzerland,Europe,,
2019,,,,,Microbiology,Switzerland,Europe,,
2020,Sudip,male,99,1516,Microbiology,Switzerland,Europe,,
2020,Fanny,female,96,18896,Microbiology,Switzerland,Europe,,
2020,Pascal,male,98,53481,Microbiology,Switzerland,Europe,,
2020,Chiara,female,99,25764,Microbiology,Switzerland,Europe,,
2020,Melle,female,79,792,Microbiology,Switzerland,Europe,,
2018,Hsiang,male,74,74,Microbiology,Taiwan,Asia,,
2020,Fu,male,78,478,Microbiology,Taiwan,Asia,,
2018,Thanachai,male,99,79,Microbiology,Thailand,Asia,,
2020,Ekapot,male,75,4,Microbiology,Thailand,Asia,,
2018,Sergio,male,99,81526,Microbiology,The Netherlands,Europe,,
2019,Hamouda,male,96,1021,Microbiology,Tunisia,Africa,,
2018,Özlem,female,97,14275,Microbiology,Turkey,Asia,,
2017,Ramses,male,96,1064,Microbiology,UK,Europe,,
2017,Caitlin,female,99,5889,Microbiology,UK,Europe,,
2017,Philip,male,99,21773,Microbiology,UK,Europe,,
2017,Yuiko,female,90,29,Microbiology,UK,Europe,,
2017,Wan,male,65,3295,Microbiology,UK,Europe,,
2017,Sofia,female,98,35763,Microbiology,UK,Europe,,
2017,Irina,female,98,21136,Microbiology,UK,Europe,,
2017,Qi,male,63,557,Microbiology,UK,Europe,,
2017,Christopher,male,99,55041,Microbiology,UK,Europe,,
2017,Juan-Carlos,male,100,61,Microbiology,UK,Europe,,
2017,Arwyn,male,54,28,Microbiology,UK,Europe,,
2018,Jasmine,female,98,13433,Microbiology,UK,Europe,,
2018,Ayman,male,98,12857,Microbiology,UK,Europe,,
2018,Poppy,female,85,1457,Microbiology,UK,Europe,,
2018,Altar,male,95,121,Microbiology,UK,Europe,,
2018,Lucian,male,99,6068,Microbiology,UK,Europe,,
2018,Connor,male,99,6084,Microbiology,UK,Europe,,
2018,David,male,99,381770,Microbiology,UK,Europe,,
2018,Aimee,female,98,4602,Microbiology,UK,Europe,,
2018,Nitish,male,100,3020,Microbiology,UK,Europe,,
2018,Ellena,female,98,307,Microbiology,UK,Europe,,
2018,Katherine,female,99,15804,Microbiology,UK,Europe,,
2019,David,male,99,381770,Microbiology,UK,Europe,,
2019,Marion,female,95,26832,Microbiology,UK,Europe,,
2019,Chiamaka,female,96,342,Microbiology,UK,Europe,,
2019,Marília,female,98,745,Microbiology,UK,Europe,,
2019,Bowen,male,87,282,Microbiology,UK,Europe,,
2019,Constantina,female,96,190,Microbiology,UK,Europe,,
2019,Philip,male,99,21773,Microbiology,UK,Europe,,
2019,Adrian,male,98,56140,Microbiology,UK,Europe,,
2019,Rebecca,female,99,35211,Microbiology,UK,Europe,,
2019,Leonor,female,96,2820,Microbiology,UK,Europe,,
2019,Nicole,female,98,65299,Microbiology,UK,Europe,,
2019,Alison,female,93,14178,Microbiology,UK,Europe,,
2020,Anabel,female,99,7285,Microbiology,UK,Europe,,
2020,Mailis,female,91,66,Microbiology,UK,Europe,,
2020,Daniel,male,99,257742,Microbiology,UK,Europe,,
2020,Jyoti,female,88,4566,Microbiology,UK,Europe,,
2020,Audam,male,100,5,Microbiology,UK,Europe,,
2020,Alex,male,92,247706,Microbiology,UK,Europe,,
2020,Niluka,female,69,88,Microbiology,UK,Europe,,
2020,Louisa,female,96,2927,Microbiology,UK,Europe,,
2020,Sarah,female,98,127402,Microbiology,UK,Europe,,
2020,Alexander,male,99,56237,Microbiology,UK,Europe,,
2020,Kamolrat,female,97,29,Microbiology,UK,Europe,,
2020,Nazreen,female,76,124,Microbiology,UK,Europe,,
2020,Thomas,male,99,129177,Microbiology,UK,Europe,,
2020,Aaron,male,99,36714,Microbiology,UK,Europe,,
2020,V.,male,67,354,Microbiology,UK,Europe,,
2020,Md,male,97,11102,Microbiology,UK,Europe,,
2020,Jaime,male,90,24921,Microbiology,UK,Europe,,
2020,Rachel,female,98,41104,Microbiology,UK,Europe,,
2020,David,male,99,381770,Microbiology,UK,Europe,,
2020,Ching,female,62,807,Microbiology,UK,Europe,,
2020,Alicia,female,98,29319,Microbiology,UK,Europe,,
2020,Morwan,male,93,27,Microbiology,UK,Europe,,
2020,Alasdair,male,100,358,Microbiology,UK,Europe,,
2020,Edward,male,99,24073,Microbiology,UK,Europe,,
2020,Sophie,female,98,54216,Microbiology,UK,Europe,,
2020,Lynda,female,98,6276,Microbiology,UK,Europe,,
2020,Alexander,male,99,56237,Microbiology,UK,Europe,,
2020,Yingxue,female,82,11,Microbiology,UK,Europe,,
2020,Jiandong,male,100,9,Microbiology,UK,Europe,,
2020,P.,male,71,747,Microbiology,UK,Europe,,
2018,Tristan,male,97,7725,Microbiology,UK ,Europe,,
2017,Artur,male,99,24643,Microbiology,Ukraine,Europe,,
2020,Cecilia,female,98,18089,Microbiology,Uruguay,South America,,
2017,Sardar,male,98,1065,Microbiology,USA,North America,,
2017,Ning-Ning,female,100,3,Microbiology,USA,North America,,
2017,Haochen,male,100,22,Microbiology,USA,North America,,
2017,Catherine,female,98,41180,Microbiology,USA,North America,,
2017,Anna,female,98,184558,Microbiology,USA,North America,,
2017,Kevin,male,99,140160,Microbiology,USA,North America,,
2017,Ting,female,68,1693,Microbiology,USA,North America,,
2017,Triana,female,94,559,Microbiology,USA,North America,,
2017,Nicolaus,male,98,126,Microbiology,USA,North America,,
2017,Daniel,male,99,257742,Microbiology,USA,North America,,
2017,William,male,99,67797,Microbiology,USA,North America,,
2017,Jie,male,61,1651,Microbiology,USA,North America,,
2017,Arielle,female,100,20126,Microbiology,USA,North America,,
2017,Nicholas,male,100,21206,Microbiology,USA,North America,,
2017,Chitong,male,75,4,Microbiology,USA,North America,,
2017,Christoph,male,99,9324,Microbiology,USA,North America,,
2017,Michael,male,99,211741,Microbiology,USA,North America,,
2017,Brittany,female,99,13027,Microbiology,USA,North America,,
2017,Adrian,male,98,56140,Microbiology,USA,North America,,
2017,Claire,female,98,32304,Microbiology,USA,North America,,
2017,Marc,male,99,77461,Microbiology,USA,North America,,
2017,Sujit,male,99,2207,Microbiology,USA,North America,,
2017,Benjamin,male,99,50718,Microbiology,USA,North America,,
2017,Victoria,female,98,33384,Microbiology,USA,North America,,
2018,Justyna,female,98,18731,Microbiology,USA,North America,,
2018,Gargi,female,95,494,Microbiology,USA,North America,,
2018,Joseph,male,99,63161,Microbiology,USA,North America,,
2018,Keersten,female,75,4,Microbiology,USA,North America,,
2018,Bitan,male,99,67,Microbiology,USA,North America,,
2018,Raphaël,male,99,2546,Microbiology,USA,North America,,
2018,Joshua,male,100,35201,Microbiology,USA,North America,,
2018,Blake,male,96,5952,Microbiology,USA,North America,,
2018,Nisha,female,97,4579,Microbiology,USA,North America,,
2018,Thomas,male,99,129177,Microbiology,USA,North America,,
2018,Jill,female,97,10158,Microbiology,USA,North America,,
2018,Michael,male,99,211741,Microbiology,USA,North America,,
2018,Barry,male,98,13520,Microbiology,USA,North America,,
2018,Ming-Yueh,male,77,2711,Microbiology,USA,North America,,
2018,Blaire,female,90,165,Microbiology,USA,North America,,
2018,Maude,female,96,1128,Microbiology,USA,North America,,
2018,Jesse,male,93,16259,Microbiology,USA,North America,,
2018,Lindsey,female,97,8007,Microbiology,USA,North America,,
2018,David,male,99,381770,Microbiology,USA,North America,,
2018,Paula,female,98,51503,Microbiology,USA,North America,,
2018,Ed,male,98,12795,Microbiology,USA,North America,,
2018,Mohammed,male,99,70885,Microbiology,USA,North America,,
2018,Nathan,male,99,29365,Microbiology,USA,North America,,
2018,Daan,male,91,2255,Microbiology,USA,North America,,
2018,Matthew,male,100,51412,Microbiology,USA,North America,,
2018,Josh,male,99,33942,Microbiology,USA,North America,,
2018,Sudeep,male,99,1380,Microbiology,USA,North America,,
2018,Heather,female,99,26287,Microbiology,USA,North America,,
2018,Jabari,male,100,1628,Microbiology,USA,North America,,
2018,Andres,male,98,33708,Microbiology,USA,North America,,
2018,Logan,male,92,6655,Microbiology,USA,North America,,
2018,Willie,male,93,4063,Microbiology,USA,North America,,
2018,Caleb,male,100,6757,Microbiology,USA,North America,,
2018,Irina,female,98,21136,Microbiology,USA,North America,,
2018,Matthew,male,100,51412,Microbiology,USA,North America,,
2018,Samuel,male,99,59149,Microbiology,USA,North America,,
2018,Amy,female,98,42632,Microbiology,USA,North America,,
2018,Michael,male,99,211741,Microbiology,USA,North America,,
2018,Kevin,male,99,140160,Microbiology,USA,North America,,
2018,Sabah,female,74,2577,Microbiology,USA,North America,,
2018,Kamil,male,98,35090,Microbiology,USA,North America,,
2018,Christina,female,94,36391,Microbiology,USA,North America,,
2018,Eden,female,81,6343,Microbiology,USA,North America,,
2018,Cristina,female,98,70974,Microbiology,USA,North America,,
2018,Deepti,female,98,1449,Microbiology,USA,North America,,
2018,Patricia,female,98,88761,Microbiology,USA,North America,,
2018,Malhar,male,99,126,Microbiology,USA,North America,,
2018,Shilah,female,88,24,Microbiology,USA,North America,,
2018,Charles,male,98,52754,Microbiology,USA,North America,,
2018,Yu,male,63,3415,Microbiology,USA,North America,,
2018,Justin,male,98,43826,Microbiology,USA,North America,,
2018,Gabriela,female,98,35737,Microbiology,USA,North America,,
2018,Marcin,male,99,47207,Microbiology,USA,North America,,
2018,Aaron,male,99,36714,Microbiology,USA,North America,,
2018,Joshua,male,100,35201,Microbiology,USA,North America,,
2018,Ning-Ning,female,100,3,Microbiology,USA,North America,,
2018,Xiaoli,female,83,126,Microbiology,USA,North America,,
2018,Kyle,male,98,25335,Microbiology,USA,North America,,
2018,Chiranjit,male,100,329,Microbiology,USA,North America,,
2018,Serena,female,98,17022,Microbiology,USA,North America,,
2018,Diego,male,99,67382,Microbiology,USA,North America,,
2018,Kathleen,female,99,10967,Microbiology,USA,North America,,
2018,Laura,female,98,163073,Microbiology,USA,North America,,
2018,Zhaoyang,male,99,101,Microbiology,USA,North America,,
2018,Matthew,male,100,51412,Microbiology,USA,North America,,
2018,Anna,female,98,184558,Microbiology,USA,North America,,
2018,Brett,male,98,9518,Microbiology,USA,North America,,
2018,Melanie,female,98,35986,Microbiology,USA,North America,,
2018,Andrew,male,99,82448,Microbiology,USA,North America,,
2018,Bing,male,63,1057,Microbiology,USA,North America,,
2018,Rilee,female,83,24,Microbiology,USA,North America,,
2018,Sanjiv,male,100,1006,Microbiology,USA,North America,,
2018,Shyra,female,95,73,Microbiology,USA,North America,,
2018,James,male,99,131879,Microbiology,USA,North America,,
2018,Gleb,male,100,925,Microbiology,USA,North America,,
2018,Alline,female,98,366,Microbiology,USA,North America,,
2018,Joshua,male,100,35201,Microbiology,USA,North America,,
2018,Kayley,female,100,4387,Microbiology,USA,North America,,
2018,Brandon,male,100,29118,Microbiology,USA,North America,,
2018,Kwangcheol,male,100,4,Microbiology,USA,North America,,
2018,Allison,female,95,11270,Microbiology,USA,North America,,
2018,Francisco,male,99,62346,Microbiology,USA,North America,,
2018,Dan,male,97,61524,Microbiology,USA,North America,,
2018,Mehdi,male,98,39434,Microbiology,USA,North America,,
2018,Lindsay,female,94,10143,Microbiology,USA,North America,,
2018,Charmaine,female,99,5318,Microbiology,USA,North America,,
2018,Johannes,male,99,7870,Microbiology,USA,North America,,
2018,Justin,male,98,43826,Microbiology,USA,North America,,
2018,Yu-Cheng,male,95,19,Microbiology,USA,North America,,
2018,Angus,male,96,1761,Microbiology,USA,North America,,
2018,Gavin,male,99,7644,Microbiology,USA,North America,,
2018,Spyridon,male,96,80,Microbiology,USA,North America,,
2018,Disha,female,92,1087,Microbiology,USA,North America,,
2018,Alejandro,male,99,45618,Microbiology,USA,North America,,
2018,Gabriel,male,99,59297,Microbiology,USA,North America,,
2018,Lisa,female,98,75562,Microbiology,USA,North America,,
2018,Debnath,male,96,47,Microbiology,USA,North America,,
2018,Gina,female,98,18022,Microbiology,USA,North America,,
2018,Derek,male,99,15838,Microbiology,USA,North America,,
2018,Jordan,male,88,35943,Microbiology,USA,North America,,
2018,Erin,female,96,16296,Microbiology,USA,North America,,
2019,Patrick,male,99,118290,Microbiology,USA,North America,,
2019,Radwa,female,98,447,Microbiology,USA,North America,,
2019,Scott,male,100,48262,Microbiology,USA,North America,,
2019,Tyler,male,97,19321,Microbiology,USA,North America,,
2019,Aretha,female,98,252,Microbiology,USA,North America,,
2019,Daniel,male,99,257742,Microbiology,USA,North America,,
2019,Katherine,female,99,15804,Microbiology,USA,North America,,
2019,Drishti,female,90,164,Microbiology,USA,North America,,
2019,Nathan,male,99,29365,Microbiology,USA,North America,,
2019,Arijit,male,100,1290,Microbiology,USA,North America,,
2019,Zachary,male,100,7365,Microbiology,USA,North America,,
2019,Rohan,male,100,13393,Microbiology,USA,North America,,
2019,Brian,male,99,69588,Microbiology,USA,North America,,
2019,Yanbao,male,75,4,Microbiology,USA,North America,,
2019,,,,,Microbiology,USA,North America,,
2019,Allen,male,96,10293,Microbiology,USA,North America,,
2019,Erik,male,96,31753,Microbiology,USA,North America,,
2019,Julia,female,97,57688,Microbiology,USA,North America,,
2019,Giuseppe,male,99,72416,Microbiology,USA,North America,,
2019,Yu-Min,male,60,10,Microbiology,USA,North America,,
2019,Yusuke,male,99,1232,Microbiology,USA,North America,,
2019,Jose,male,97,148383,Microbiology,USA,North America,,
2019,Maria,female,97,245074,Microbiology,USA,North America,,
2019,Zanetta,female,90,31,Microbiology,USA,North America,,
2019,Jiarong,male,69,13,Microbiology,USA,North America,,
2019,Bryan,male,99,27027,Microbiology,USA,North America,,
2019,Jenai,female,93,45,Microbiology,USA,North America,,
2019,Salman,male,99,11445,Microbiology,USA,North America,,
2019,Clifford,male,100,10228,Microbiology,USA,North America,,
2019,Liwen,female,62,98,Microbiology,USA,North America,,
2019,Marc,male,99,77461,Microbiology,USA,North America,,
2019,Taylor,female,55,14147,Microbiology,USA,North America,,
2019,John,male,99,219085,Microbiology,USA,North America,,
2019,Zhuo,male,75,118,Microbiology,USA,North America,,
2019,Cristina,female,98,70974,Microbiology,USA,North America,,
2019,Kennda,female,75,4,Microbiology,USA,North America,,
2019,Shuaizhi,male,100,3,Microbiology,USA,North America,,
2019,Jie,male,61,1651,Microbiology,USA,North America,,
2019,Valerie,female,97,29112,Microbiology,USA,North America,,
2019,Derek,male,99,15838,Microbiology,USA,North America,,
2019,Maria,female,97,245074,Microbiology,USA,North America,,
2019,Sreejata,female,75,4,Microbiology,USA,North America,,
2019,Tao,male,87,1999,Microbiology,USA,North America,,
2019,Matthew,male,100,51412,Microbiology,USA,North America,,
2019,Vanja,female,69,1240,Microbiology,USA,North America,,
2019,Tess,female,99,7575,Microbiology,USA,North America,,
2019,Morgan,male,63,16254,Microbiology,USA,North America,,
2019,Nathaniel,male,99,4766,Microbiology,USA,North America,,
2019,Geetha,female,96,1301,Microbiology,USA,North America,,
2019,Hillary,female,68,2668,Microbiology,USA,North America,,
2019,Valerie,female,97,29112,Microbiology,USA,North America,,
2019,Kathryn,female,99,6915,Microbiology,USA,North America,,
2019,Katherine,female,99,15804,Microbiology,USA,North America,,
2019,Ina,female,96,6756,Microbiology,USA,North America,,
2019,Gabriel,male,99,59297,Microbiology,USA,North America,,
2019,Roxana,female,99,10480,Microbiology,USA,North America,,
2019,Olga,female,98,42388,Microbiology,USA,North America,,
2019,Mitchell,male,97,4895,Microbiology,USA,North America,,
2019,Shraddha,female,98,1651,Microbiology,USA,North America,,
2019,Iliyana,female,97,70,Microbiology,USA,North America,,
2019,Dhritiman,male,99,77,Microbiology,USA,North America,,
2019,Emma,female,91,44680,Microbiology,USA,North America,,
2019,Benjamin,male,99,50718,Microbiology,USA,North America,,
2019,Peter,male,99,146529,Microbiology,USA,North America,,
2019,Scott,male,100,48262,Microbiology,USA,North America,,
2019,Ashish,male,100,22300,Microbiology,USA,North America,,
2019,Chafen,female,100,777,Microbiology,USA,North America,,
2019,Kousik,male,100,235,Microbiology,USA,North America,,
2019,William,male,99,67797,Microbiology,USA,North America,,
2019,Nicolas,male,99,79977,Microbiology,USA,North America,,
2019,Max,male,98,69969,Microbiology,USA,North America,,
2019,Brindar,male,92,157,Microbiology,USA,North America,,
2019,Keara,female,96,131,Microbiology,USA,North America,,
2019,Kevin,male,99,140160,Microbiology,USA,North America,,
2019,Yeyan,male,100,3,Microbiology,USA,North America,,
2019,Dishari,female,77,13,Microbiology,USA,North America,,
2019,Alexandra,female,98,53680,Microbiology,USA,North America,,
2019,Ali,male,94,240857,Microbiology,USA,North America,,
2019,Norma,female,98,6709,Microbiology,USA,North America,,
2019,Dominic,male,98,9763,Microbiology,USA,North America,,
2019,Monica,female,98,56741,Microbiology,USA,North America,,
2019,Asma,female,97,8881,Microbiology,USA,North America,,
2019,Julie,female,98,72376,Microbiology,USA,North America,,
2019,Kent,male,98,5723,Microbiology,USA,North America,,
2019,Catherine,female,98,41180,Microbiology,USA,North America,,
2019,James,male,99,131879,Microbiology,USA,North America,,
2019,Alejandro,male,99,45618,Microbiology,USA,North America,,
2019,Rachel,female,98,41104,Microbiology,USA,North America,,
2019,Christine,female,98,55857,Microbiology,USA,North America,,
2019,Aisha,female,99,10484,Microbiology,USA,North America,,
2019,Jacob,male,99,25605,Microbiology,USA,North America,,
2019,Casey,male,58,8670,Microbiology,USA,North America,,
2020,Hannah,female,99,20781,Microbiology,USA,North America,,
2020,S.,male,64,1577,Microbiology,USA,North America,,
2020,A.,male,71,2092,Microbiology,USA,North America,,
2020,Patrick,male,99,118290,Microbiology,USA,North America,,
2020,,,,,Microbiology,USA,North America,,
2020,Olivia,female,97,18705,Microbiology,USA,North America,,
2020,Elijah,male,98,3651,Microbiology,USA,North America,,
2020,Leonor,female,96,2820,Microbiology,USA,North America,,
2020,Joshua,male,100,35201,Microbiology,USA,North America,,
2020,Lucas,male,99,50557,Microbiology,USA,North America,,
2020,Kaitlin,female,99,1783,Microbiology,USA,North America,,
2020,Rachael,female,98,6410,Microbiology,USA,North America,,
2020,Clifton,male,100,5747,Microbiology,USA,North America,,
2020,Roxana,female,99,10480,Microbiology,USA,North America,,
2020,Jared,male,99,9279,Microbiology,USA,North America,,
2020,Fanny,female,96,18896,Microbiology,USA,North America,,
2020,Bolutife,male,57,14,Microbiology,USA,North America,,
2020,Delphine,female,98,19427,Microbiology,USA,North America,,
2020,Nicholas,male,100,21206,Microbiology,USA,North America,,
2020,Christopher,male,99,55041,Microbiology,USA,North America,,
2020,Jana,female,98,74581,Microbiology,USA,North America,,
2020,Claire,female,98,32304,Microbiology,USA,North America,,
2020,Amber,female,97,17754,Microbiology,USA,North America,,
2020,Brayon,male,65,17,Microbiology,USA,North America,,
2020,Gregory,male,99,21213,Microbiology,USA,North America,,
2020,Asha,female,96,5386,Microbiology,USA,North America,,
2020,Uddhav,male,99,145,Microbiology,USA,North America,,
2020,Yunjie,male,57,23,Microbiology,USA,North America,,
2020,Jacob,male,99,25605,Microbiology,USA,North America,,
2020,Josh,male,99,33942,Microbiology,USA,North America,,
2020,Justin,male,98,43826,Microbiology,USA,North America,,
2020,Amy,female,98,42632,Microbiology,USA,North America,,
2020,Shawn,male,93,15227,Microbiology,USA,North America,,
2020,Isabelle,female,99,85994,Microbiology,USA,North America,,
2020,Patrick,male,99,118290,Microbiology,USA,North America,,
2020,Lokender,male,100,53,Microbiology,USA,North America,,
2020,Lorena,female,98,26352,Microbiology,USA,North America,,
2020,Christine,female,98,55857,Microbiology,USA,North America,,
2020,Paula,female,98,51503,Microbiology,USA,North America,,
2020,Christopher,male,99,55041,Microbiology,USA,North America,,
2020,David,male,99,381770,Microbiology,USA,North America,,
2020,David,male,99,381770,Microbiology,USA,North America,,
2020,Gina,female,98,18022,Microbiology,USA,North America,,
2020,K.,male,61,1007,Microbiology,USA,North America,,
2020,J.,male,82,2236,Microbiology,USA,North America,,
2020,Christopher,male,99,55041,Microbiology,USA,North America,,
2020,Reetika,female,97,119,Microbiology,USA,North America,,
2020,Liujiang,male,75,4,Microbiology,USA,North America,,
2020,Ryan,male,99,64450,Microbiology,USA,North America,,
2020,Henri,male,98,10374,Microbiology,USA,North America,,
2020,Bradley,male,99,6719,Microbiology,USA,North America,,
2020,Alan,male,99,44635,Microbiology,USA,North America,,
2020,Nnenna,female,97,244,Microbiology,USA,North America,,
2020,Mai,female,87,11932,Microbiology,USA,North America,,
2020,Laura,female,98,163073,Microbiology,USA,North America,,
2020,May,female,91,11741,Microbiology,USA,North America,,
2020,Sm,male,80,989,Microbiology,USA,North America,,
2020,Anushila,female,100,6,Microbiology,USA,North America,,
2020,Lucy,female,98,20520,Microbiology,USA,North America,,
2020,A.,male,71,2092,Microbiology,USA,North America,,
2020,Rajesh,male,100,25751,Microbiology,USA,North America,,
2020,Radames,male,99,136,Microbiology,USA,North America,,
2020,Hanan,female,92,7278,Microbiology,USA,North America,,
2020,Karina,female,98,22685,Microbiology,USA,North America,,
2020,Sven-Ulrik,male,99,19915,Microbiology,USA,North America,,
2020,Nadia,female,98,44698,Microbiology,USA,North America,,
2020,Lauren,female,97,25933,Microbiology,USA,North America,,
2020,Greyson,male,100,9108,Microbiology,USA,North America,,
2020,Spencer,male,97,5490,Microbiology,USA,North America,,
2020,Eric,male,99,121922,Microbiology,USA,North America,,
2020,Margaret,female,98,12383,Microbiology,USA,North America,,
2020,Mahmoud,male,99,28520,Microbiology,USA,North America,,
2020,Akanksha,female,99,1854,Microbiology,USA,North America,,
2020,Stephen,male,99,46085,Microbiology,USA,North America,,
2020,Eva,female,98,79421,Microbiology,USA,North America,,
2020,Annie,female,98,24785,Microbiology,USA,North America,,
2020,Madhan,male,99,897,Microbiology,USA,North America,,
2020,Alexandra,female,98,53680,Microbiology,USA,North America,,
2020,Diego,male,99,67382,Microbiology,USA,North America,,
2020,Jun,male,88,6829,Microbiology,USA,North America,,
2020,Christopher,male,99,55041,Microbiology,USA,North America,,
2020,Alberto,male,99,73988,Microbiology,USA,North America,,
2020,Lei,male,59,2374,Microbiology,USA,North America,,
2020,David,male,99,381770,Microbiology,USA,North America,,
2020,Matthew,male,100,51412,Microbiology,USA,North America,,
2020,Ameya,male,95,596,Microbiology,USA,North America,,
2020,Anand,male,100,13788,Microbiology,USA,North America,,
2020,Jan,male,92,104026,Microbiology,USA,North America,,
2020,Irina,female,98,21136,Microbiology,USA,North America,,
2020,Nick,male,98,55264,Microbiology,USA,North America,,
2020,Eisha,female,100,83,Microbiology,USA,North America,,
2020,Xiaoqin,female,83,42,Microbiology,USA,North America,,
2020,Daniel,male,99,257742,Microbiology,USA,North America,,
2020,Regina,female,98,16439,Microbiology,USA,North America,,
2020,Brian,male,99,69588,Microbiology,USA,North America,,
2020,Abdullah,male,98,45635,Microbiology,USA,North America,,
2020,Sean,male,99,37072,Microbiology,USA,North America,,
2020,Judy,female,97,10437,Microbiology,USA,North America,,
2020,Yara,female,96,3789,Microbiology,USA,North America,,
2020,Timra,female,100,6,Microbiology,USA,North America,,
2020,Norhan,female,95,349,Microbiology,USA,North America,,
2020,Alex,male,92,247706,Microbiology,USA,North America,,
2020,Glenn,male,98,9914,Microbiology,USA,North America,,
2020,Alon,male,96,825,Microbiology,USA,North America,,
2020,Shruti,female,99,3562,Microbiology,USA,North America,,
2020,A.,male,71,2092,Microbiology,USA,North America,,
2020,Per,male,97,5508,Microbiology,USA,North America,,
2020,Cole,male,93,3387,Microbiology,USA,North America,,
2020,Antonio,male,99,180825,Microbiology,USA,North America,,
2020,M.,male,73,3216,Microbiology,USA,North America,,
2020,Abigail,female,98,7631,Microbiology,USA,North America,,
2020,Ayal,male,89,76,Microbiology,USA,North America,,
2020,James,male,99,131879,Microbiology,USA,North America,,
2020,Courtney,female,92,11331,Microbiology,USA,North America,,
2020,Elizabeth,female,99,44677,Microbiology,USA,North America,,
2020,Monir,male,94,1868,Microbiology,USA,North America,,
2020,Courtney,female,92,11331,Microbiology,USA,North America,,
2020,Alexander,male,99,56237,Microbiology,USA,North America,,
2020,Catherine,female,98,41180,Microbiology,USA,North America,,
2020,Neeltje,female,96,75,Microbiology,USA,North America,,
2020,Supriya,female,90,2123,Microbiology,USA,North America,,
2020,Ragul,male,99,251,Microbiology,USA,North America,,
2020,Scott,male,100,48262,Microbiology,USA,North America,,
2020,Atreyee,female,100,54,Microbiology,USA,North America,,
2020,Hao,male,84,2105,Microbiology,USA,North America,,
2020,Emily,female,98,36641,Microbiology,USA,North America,,
2020,Elizabeth,female,99,44677,Microbiology,USA,North America,,
2020,Neal,male,99,2785,Microbiology,USA,North America,,
2020,Kenneth,male,99,20555,Microbiology,USA,North America,,
2020,Meghan,female,99,4390,Microbiology,USA,North America,,
2020,Kari,female,68,6088,Microbiology,USA,North America,,
2020,Yuling,female,89,57,Microbiology,USA,North America,,
2020,Izabela,female,98,7770,Microbiology,USA,North America,,
2020,Sijia,female,85,52,Microbiology,USA,North America,,
2020,Xiaohua,male,53,64,Microbiology,USA,North America,,
2020,Shufeng,male,79,19,Microbiology,USA,North America,,
2019,Julie,female,98,72376,Microbiology,USA ,North America,,
